Id,Id2,Geography,Estimate; SEX AND AGE - Total population,Margin of Error; SEX AND AGE - Total population,Percent; SEX AND AGE - Total population,Percent Margin of Error; SEX AND AGE - Total population,Estimate; SEX AND AGE - Male,Margin of Error; SEX AND AGE - Male,Percent; SEX AND AGE - Male,Percent Margin of Error; SEX AND AGE - Male,Estimate; SEX AND AGE - Female,Margin of Error; SEX AND AGE - Female,Percent; SEX AND AGE - Female,Percent Margin of Error; SEX AND AGE - Female,Estimate; SEX AND AGE - Under 5 years,Margin of Error; SEX AND AGE - Under 5 years,Percent; SEX AND AGE - Under 5 years,Percent Margin of Error; SEX AND AGE - Under 5 years,Estimate; SEX AND AGE - 5 to 9 years,Margin of Error; SEX AND AGE - 5 to 9 years,Percent; SEX AND AGE - 5 to 9 years,Percent Margin of Error; SEX AND AGE - 5 to 9 years,Estimate; SEX AND AGE - 10 to 14 years,Margin of Error; SEX AND AGE - 10 to 14 years,Percent; SEX AND AGE - 10 to 14 years,Percent Margin of Error; SEX AND AGE - 10 to 14 years,Estimate; SEX AND AGE - 15 to 19 years,Margin of Error; SEX AND AGE - 15 to 19 years,Percent; SEX AND AGE - 15 to 19 years,Percent Margin of Error; SEX AND AGE - 15 to 19 years,Estimate; SEX AND AGE - 20 to 24 years,Margin of Error; SEX AND AGE - 20 to 24 years,Percent; SEX AND AGE - 20 to 24 years,Percent Margin of Error; SEX AND AGE - 20 to 24 years,Estimate; SEX AND AGE - 25 to 34 years,Margin of Error; SEX AND AGE - 25 to 34 years,Percent; SEX AND AGE - 25 to 34 years,Percent Margin of Error; SEX AND AGE - 25 to 34 years,Estimate; SEX AND AGE - 35 to 44 years,Margin of Error; SEX AND AGE - 35 to 44 years,Percent; SEX AND AGE - 35 to 44 years,Percent Margin of Error; SEX AND AGE - 35 to 44 years,Estimate; SEX AND AGE - 45 to 54 years,Margin of Error; SEX AND AGE - 45 to 54 years,Percent; SEX AND AGE - 45 to 54 years,Percent Margin of Error; SEX AND AGE - 45 to 54 years,Estimate; SEX AND AGE - 55 to 59 years,Margin of Error; SEX AND AGE - 55 to 59 years,Percent; SEX AND AGE - 55 to 59 years,Percent Margin of Error; SEX AND AGE - 55 to 59 years,Estimate; SEX AND AGE - 60 to 64 years,Margin of Error; SEX AND AGE - 60 to 64 years,Percent; SEX AND AGE - 60 to 64 years,Percent Margin of Error; SEX AND AGE - 60 to 64 years,Estimate; SEX AND AGE - 65 to 74 years,Margin of Error; SEX AND AGE - 65 to 74 years,Percent; SEX AND AGE - 65 to 74 years,Percent Margin of Error; SEX AND AGE - 65 to 74 years,Estimate; SEX AND AGE - 75 to 84 years,Margin of Error; SEX AND AGE - 75 to 84 years,Percent; SEX AND AGE - 75 to 84 years,Percent Margin of Error; SEX AND AGE - 75 to 84 years,Estimate; SEX AND AGE - 85 years and over,Margin of Error; SEX AND AGE - 85 years and over,Percent; SEX AND AGE - 85 years and over,Percent Margin of Error; SEX AND AGE - 85 years and over,Estimate; SEX AND AGE - Median age (years),Margin of Error; SEX AND AGE - Median age (years),Percent; SEX AND AGE - Median age (years),Percent Margin of Error; SEX AND AGE - Median age (years),Estimate; SEX AND AGE - 18 years and over,Margin of Error; SEX AND AGE - 18 years and over,Percent; SEX AND AGE - 18 years and over,Percent Margin of Error; SEX AND AGE - 18 years and over,Estimate; SEX AND AGE - 21 years and over,Margin of Error; SEX AND AGE - 21 years and over,Percent; SEX AND AGE - 21 years and over,Percent Margin of Error; SEX AND AGE - 21 years and over,Estimate; SEX AND AGE - 62 years and over,Margin of Error; SEX AND AGE - 62 years and over,Percent; SEX AND AGE - 62 years and over,Percent Margin of Error; SEX AND AGE - 62 years and over,Estimate; SEX AND AGE - 65 years and over,Margin of Error; SEX AND AGE - 65 years and over,Percent; SEX AND AGE - 65 years and over,Percent Margin of Error; SEX AND AGE - 65 years and over,Estimate; SEX AND AGE - 18 years and over,Margin of Error; SEX AND AGE - 18 years and over,Percent; SEX AND AGE - 18 years and over,Percent Margin of Error; SEX AND AGE - 18 years and over,Estimate; SEX AND AGE - Male,Margin of Error; SEX AND AGE - Male,Percent; SEX AND AGE - Male,Percent Margin of Error; SEX AND AGE - Male,Estimate; SEX AND AGE - Female,Margin of Error; SEX AND AGE - Female,Percent; SEX AND AGE - Female,Percent Margin of Error; SEX AND AGE - Female,Estimate; SEX AND AGE - 65 years and over,Margin of Error; SEX AND AGE - 65 years and over,Percent; SEX AND AGE - 65 years and over,Percent Margin of Error; SEX AND AGE - 65 years and over,Estimate; SEX AND AGE - Male,Margin of Error; SEX AND AGE - Male,Percent; SEX AND AGE - Male,Percent Margin of Error; SEX AND AGE - Male,Estimate; SEX AND AGE - Female,Margin of Error; SEX AND AGE - Female,Percent; SEX AND AGE - Female,Percent Margin of Error; SEX AND AGE - Female,Estimate; RACE - Total population,Margin of Error; RACE - Total population,Percent; RACE - Total population,Percent Margin of Error; RACE - Total population,Estimate; RACE - One race,Margin of Error; RACE - One race,Percent; RACE - One race,Percent Margin of Error; RACE - One race,Estimate; RACE - Two or more races,Margin of Error; RACE - Two or more races,Percent; RACE - Two or more races,Percent Margin of Error; RACE - Two or more races,Estimate; RACE - One race,Margin of Error; RACE - One race,Percent; RACE - One race,Percent Margin of Error; RACE - One race,Estimate; RACE - One race - White,Margin of Error; RACE - One race - White,Percent; RACE - One race - White,Percent Margin of Error; RACE - One race - White,Estimate; RACE - One race - Black or African American,Margin of Error; RACE - One race - Black or African American,Percent; RACE - One race - Black or African American,Percent Margin of Error; RACE - One race - Black or African American,Estimate; RACE - One race - American Indian and Alaska Native,Margin of Error; RACE - One race - American Indian and Alaska Native,Percent; RACE - One race - American Indian and Alaska Native,Percent Margin of Error; RACE - One race - American Indian and Alaska Native,Estimate; RACE - One race - American Indian and Alaska Native - Cherokee tribal grouping,Margin of Error; RACE - One race - American Indian and Alaska Native - Cherokee tribal grouping,Percent; RACE - One race - American Indian and Alaska Native - Cherokee tribal grouping,Percent Margin of Error; RACE - One race - American Indian and Alaska Native - Cherokee tribal grouping,Estimate; RACE - One race - American Indian and Alaska Native - Chippewa tribal grouping,Margin of Error; RACE - One race - American Indian and Alaska Native - Chippewa tribal grouping,Percent; RACE - One race - American Indian and Alaska Native - Chippewa tribal grouping,Percent Margin of Error; RACE - One race - American Indian and Alaska Native - Chippewa tribal grouping,Estimate; RACE - One race - American Indian and Alaska Native - Navajo tribal grouping,Margin of Error; RACE - One race - American Indian and Alaska Native - Navajo tribal grouping,Percent; RACE - One race - American Indian and Alaska Native - Navajo tribal grouping,Percent Margin of Error; RACE - One race - American Indian and Alaska Native - Navajo tribal grouping,Estimate; RACE - One race - American Indian and Alaska Native - Sioux tribal grouping,Margin of Error; RACE - One race - American Indian and Alaska Native - Sioux tribal grouping,Percent; RACE - One race - American Indian and Alaska Native - Sioux tribal grouping,Percent Margin of Error; RACE - One race - American Indian and Alaska Native - Sioux tribal grouping,Estimate; RACE - One race - Asian,Margin of Error; RACE - One race - Asian,Percent; RACE - One race - Asian,Percent Margin of Error; RACE - One race - Asian,Estimate; RACE - One race - Asian - Asian Indian,Margin of Error; RACE - One race - Asian - Asian Indian,Percent; RACE - One race - Asian - Asian Indian,Percent Margin of Error; RACE - One race - Asian - Asian Indian,Estimate; RACE - One race - Asian - Chinese,Margin of Error; RACE - One race - Asian - Chinese,Percent; RACE - One race - Asian - Chinese,Percent Margin of Error; RACE - One race - Asian - Chinese,Estimate; RACE - One race - Asian - Filipino,Margin of Error; RACE - One race - Asian - Filipino,Percent; RACE - One race - Asian - Filipino,Percent Margin of Error; RACE - One race - Asian - Filipino,Estimate; RACE - One race - Asian - Japanese,Margin of Error; RACE - One race - Asian - Japanese,Percent; RACE - One race - Asian - Japanese,Percent Margin of Error; RACE - One race - Asian - Japanese,Estimate; RACE - One race - Asian - Korean,Margin of Error; RACE - One race - Asian - Korean,Percent; RACE - One race - Asian - Korean,Percent Margin of Error; RACE - One race - Asian - Korean,Estimate; RACE - One race - Asian - Vietnamese,Margin of Error; RACE - One race - Asian - Vietnamese,Percent; RACE - One race - Asian - Vietnamese,Percent Margin of Error; RACE - One race - Asian - Vietnamese,Estimate; RACE - One race - Asian - Other Asian,Margin of Error; RACE - One race - Asian - Other Asian,Percent; RACE - One race - Asian - Other Asian,Percent Margin of Error; RACE - One race - Asian - Other Asian,Estimate; RACE - One race - Native Hawaiian and Other Pacific Islander,Margin of Error; RACE - One race - Native Hawaiian and Other Pacific Islander,Percent; RACE - One race - Native Hawaiian and Other Pacific Islander,Percent Margin of Error; RACE - One race - Native Hawaiian and Other Pacific Islander,Estimate; RACE - One race - Native Hawaiian and Other Pacific Islander - Native Hawaiian,Margin of Error; RACE - One race - Native Hawaiian and Other Pacific Islander - Native Hawaiian,Percent; RACE - One race - Native Hawaiian and Other Pacific Islander - Native Hawaiian,Percent Margin of Error; RACE - One race - Native Hawaiian and Other Pacific Islander - Native Hawaiian,Estimate; RACE - One race - Native Hawaiian and Other Pacific Islander - Guamanian or Chamorro,Margin of Error; RACE - One race - Native Hawaiian and Other Pacific Islander - Guamanian or Chamorro,Percent; RACE - One race - Native Hawaiian and Other Pacific Islander - Guamanian or Chamorro,Percent Margin of Error; RACE - One race - Native Hawaiian and Other Pacific Islander - Guamanian or Chamorro,Estimate; RACE - One race - Native Hawaiian and Other Pacific Islander - Samoan,Margin of Error; RACE - One race - Native Hawaiian and Other Pacific Islander - Samoan,Percent; RACE - One race - Native Hawaiian and Other Pacific Islander - Samoan,Percent Margin of Error; RACE - One race - Native Hawaiian and Other Pacific Islander - Samoan,Estimate; RACE - One race - Native Hawaiian and Other Pacific Islander - Other Pacific Islander,Margin of Error; RACE - One race - Native Hawaiian and Other Pacific Islander - Other Pacific Islander,Percent; RACE - One race - Native Hawaiian and Other Pacific Islander - Other Pacific Islander,Percent Margin of Error; RACE - One race - Native Hawaiian and Other Pacific Islander - Other Pacific Islander,Estimate; RACE - One race - Some other race,Margin of Error; RACE - One race - Some other race,Percent; RACE - One race - Some other race,Percent Margin of Error; RACE - One race - Some other race,Estimate; RACE - Two or more races,Margin of Error; RACE - Two or more races,Percent; RACE - Two or more races,Percent Margin of Error; RACE - Two or more races,Estimate; RACE - Two or more races - White and Black or African American,Margin of Error; RACE - Two or more races - White and Black or African American,Percent; RACE - Two or more races - White and Black or African American,Percent Margin of Error; RACE - Two or more races - White and Black or African American,Estimate; RACE - Two or more races - White and American Indian and Alaska Native,Margin of Error; RACE - Two or more races - White and American Indian and Alaska Native,Percent; RACE - Two or more races - White and American Indian and Alaska Native,Percent Margin of Error; RACE - Two or more races - White and American Indian and Alaska Native,Estimate; RACE - Two or more races - White and Asian,Margin of Error; RACE - Two or more races - White and Asian,Percent; RACE - Two or more races - White and Asian,Percent Margin of Error; RACE - Two or more races - White and Asian,Estimate; RACE - Two or more races - Black or African American and American Indian and Alaska Native,Margin of Error; RACE - Two or more races - Black or African American and American Indian and Alaska Native,Percent; RACE - Two or more races - Black or African American and American Indian and Alaska Native,Percent Margin of Error; RACE - Two or more races - Black or African American and American Indian and Alaska Native,Estimate; RACE - Race alone or in combination with one or more other races - Total population,Margin of Error; RACE - Race alone or in combination with one or more other races - Total population,Percent; RACE - Race alone or in combination with one or more other races - Total population,Percent Margin of Error; RACE - Race alone or in combination with one or more other races - Total population,Estimate; RACE - White,Margin of Error; RACE - White,Percent; RACE - White,Percent Margin of Error; RACE - White,Estimate; RACE - Black or African American,Margin of Error; RACE - Black or African American,Percent; RACE - Black or African American,Percent Margin of Error; RACE - Black or African American,Estimate; RACE - American Indian and Alaska Native,Margin of Error; RACE - American Indian and Alaska Native,Percent; RACE - American Indian and Alaska Native,Percent Margin of Error; RACE - American Indian and Alaska Native,Estimate; RACE - Asian,Margin of Error; RACE - Asian,Percent; RACE - Asian,Percent Margin of Error; RACE - Asian,Estimate; RACE - Native Hawaiian and Other Pacific Islander,Margin of Error; RACE - Native Hawaiian and Other Pacific Islander,Percent; RACE - Native Hawaiian and Other Pacific Islander,Percent Margin of Error; RACE - Native Hawaiian and Other Pacific Islander
8600000US37013,37013,ZCTA5 37013,79903,1953,79903,(X),38429,1321,48.1,1,41474,1238,51.9,1,6514,637,8.2,0.8,5249,514,6.6,0.6,4986,482,6.2,0.6,4883,562,6.1,0.6,6543,788,8.2,1,17114,1109,21.4,1.3,13055,672,16.3,0.8,10973,693,13.7,0.9,4039,466,5.1,0.6,2598,418,3.3,0.5,2829,321,3.5,0.4,866,160,1.1,0.2,254,114,0.3,0.1,31.3,0.6,(X),(X),60055,1388,75.2,0.9,57024,1329,71.4,1.1,5399,402,6.8,0.5,3949,294,4.9,0.4,60055,1388,60055,(X),28800,1140,48,1.3,31255,937,52,1.3,3949,294,3949,(X),1712,203,43.4,4.1,2237,234,56.6,4.1,79903,1953,79903,(X),77348,2098,96.8,0.7,2555,571,3.2,0.7,77348,2098,96.8,0.7,37580,2095,47,2.1,31032,1558,38.8,2,139,116,0.2,0.1,8,14,0,0.1,0,29,0,0.1,0,29,0,0.1,0,29,0,0.1,2362,608,3,0.8,116,119,0.1,0.1,230,128,0.3,0.2,171,126,0.2,0.2,25,28,0,0.1,438,255,0.5,0.3,98,71,0.1,0.1,1284,425,1.6,0.5,128,132,0.2,0.2,0,29,0,0.1,31,53,0,0.1,0,29,0,0.1,97,131,0.1,0.2,6107,1132,7.6,1.4,2555,571,3.2,0.7,798,299,1,0.4,468,191,0.6,0.2,578,306,0.7,0.4,208,151,0.3,0.2,79903,1953,79903,(X),39918,2094,50,2.1,32218,1515,40.3,2,997,304,1.2,0.4,2966,669,3.7,0.8,241,196,0.3,0.2
8600000US37015,37015,ZCTA5 37015,16985,792,16985,(X),8608,504,50.7,1.5,8377,434,49.3,1.5,1080,226,6.4,1.2,1297,243,7.6,1.4,964,184,5.7,1,1150,194,6.8,1.1,891,157,5.2,0.9,2141,309,12.6,1.6,2359,298,13.9,1.5,2800,304,16.5,1.7,1174,214,6.9,1.3,1025,188,6,1.1,1405,198,8.3,1.2,423,130,2.5,0.8,276,117,1.6,0.7,39,2.8,(X),(X),12878,575,75.8,1.8,12362,572,72.8,1.7,2638,257,15.5,1.5,2104,222,12.4,1.3,12878,575,12878,(X),6556,385,50.9,1.5,6322,304,49.1,1.5,2104,222,2104,(X),938,140,44.6,4.4,1166,150,55.4,4.4,16985,792,16985,(X),16796,797,98.9,0.5,189,91,1.1,0.5,16796,797,98.9,0.5,15996,844,94.2,1.4,352,143,2.1,0.9,69,65,0.4,0.4,41,52,0.2,0.3,0,19,0,0.2,0,19,0,0.2,0,19,0,0.2,162,76,1,0.4,38,62,0.2,0.4,0,19,0,0.2,65,88,0.4,0.5,10,15,0.1,0.1,22,40,0.1,0.2,27,46,0.2,0.3,0,19,0,0.2,0,19,0,0.2,0,19,0,0.2,0,19,0,0.2,0,19,0,0.2,0,19,0,0.2,217,167,1.3,1,189,91,1.1,0.5,0,19,0,0.2,176,86,1,0.5,0,19,0,0.2,0,19,0,0.2,16985,792,16985,(X),16172,837,95.2,1.3,352,143,2.1,0.9,245,63,1.4,0.4,175,83,1,0.5,13,23,0.1,0.1
8600000US37027,37027,ZCTA5 37027,49832,1084,49832,(X),24155,660,48.5,0.9,25677,732,51.5,0.9,3101,409,6.2,0.8,4152,522,8.3,0.9,4019,335,8.1,0.7,3933,339,7.9,0.7,1665,319,3.3,0.6,4112,631,8.3,1.2,7247,443,14.5,0.9,8953,440,18,1,3574,349,7.2,0.7,3146,362,6.3,0.8,3786,335,7.6,0.7,1522,260,3.1,0.5,622,151,1.2,0.3,40.9,1,(X),(X),35801,690,71.8,1,34300,700,68.8,0.9,7765,455,15.6,1,5930,389,11.9,0.8,35801,690,35801,(X),17234,484,48.1,0.9,18567,460,51.9,0.9,5930,389,5930,(X),3020,242,50.9,2.3,2910,230,49.1,2.3,49832,1084,49832,(X),48898,1158,98.1,0.7,934,345,1.9,0.7,48898,1158,98.1,0.7,45183,1205,90.7,1,1583,329,3.2,0.7,55,65,0.1,0.1,43,62,0.1,0.1,0,26,0,0.1,0,26,0,0.1,0,26,0,0.1,1924,426,3.9,0.9,849,312,1.7,0.6,253,116,0.5,0.2,24,39,0,0.1,53,69,0.1,0.1,572,252,1.1,0.5,152,114,0.3,0.2,21,27,0,0.1,8,14,0,0.1,0,26,0,0.1,0,26,0,0.1,8,14,0,0.1,0,26,0,0.1,145,99,0.3,0.2,934,345,1.9,0.7,108,82,0.2,0.2,83,70,0.2,0.1,338,189,0.7,0.4,44,61,0.1,0.1,49832,1084,49832,(X),45783,1182,91.9,1,1761,334,3.5,0.7,190,105,0.4,0.2,2549,372,5.1,0.8,45,52,0.1,0.1
8600000US37064,37064,ZCTA5 37064,50207,1187,50207,(X),24545,744,48.9,0.8,25662,662,51.1,0.8,3158,316,6.3,0.6,4069,361,8.1,0.7,4532,464,9,0.8,3221,385,6.4,0.7,2128,321,4.2,0.6,4865,506,9.7,1,8015,471,16,0.8,7665,480,15.3,0.9,3507,364,7,0.7,3189,407,6.4,0.8,3467,253,6.9,0.5,1736,260,3.5,0.5,655,179,1.3,0.4,39.1,0.8,(X),(X),36299,783,72.3,1,34782,743,69.3,1.1,7431,427,14.8,0.9,5858,298,11.7,0.6,36299,783,36299,(X),17218,532,47.4,0.8,19081,424,52.6,0.8,5858,298,5858,(X),2541,197,43.4,2.3,3317,202,56.6,2.3,50207,1187,50207,(X),49510,1243,98.6,0.5,697,252,1.4,0.5,49510,1243,98.6,0.5,44184,1229,88,1.7,3523,506,7,1,23,31,0,0.1,23,31,0,0.1,0,29,0,0.1,0,29,0,0.1,0,29,0,0.1,991,305,2,0.6,369,187,0.7,0.4,161,95,0.3,0.2,188,167,0.4,0.3,101,95,0.2,0.2,151,107,0.3,0.2,14,24,0,0.1,7,12,0,0.1,22,35,0,0.1,22,35,0,0.1,0,29,0,0.1,0,29,0,0.1,0,29,0,0.1,767,501,1.5,1,697,252,1.4,0.5,273,194,0.5,0.4,275,126,0.5,0.3,123,79,0.2,0.2,0,29,0,0.1,50207,1187,50207,(X),44881,1145,89.4,1.5,3808,571,7.6,1.1,310,123,0.6,0.2,1114,316,2.2,0.6,22,35,0,0.1
8600000US37072,37072,ZCTA5 37072,29598,1330,29598,(X),14116,752,47.7,1.5,15482,838,52.3,1.5,1607,395,5.4,1.2,1528,307,5.2,1,1364,290,4.6,0.9,2217,408,7.5,1.4,1975,417,6.7,1.3,3526,584,11.9,1.9,3879,502,13.1,1.6,4703,547,15.9,1.9,2510,380,8.5,1.3,2036,343,6.9,1.2,2401,364,8.1,1.2,1465,270,4.9,0.9,387,117,1.3,0.4,41.8,2.4,(X),(X),23821,978,80.5,1.9,22581,986,76.3,2.1,5468,534,18.5,1.7,4253,488,14.4,1.6,23821,978,23821,(X),11309,617,47.5,1.4,12512,554,52.5,1.4,4253,488,4253,(X),1794,269,42.2,3.5,2459,304,57.8,3.5,29598,1330,29598,(X),29161,1333,98.5,0.8,437,225,1.5,0.8,29161,1333,98.5,0.8,25158,1104,85,2.2,2958,619,10,1.9,8,13,0,0.1,8,13,0,0.1,0,23,0,0.1,0,23,0,0.1,0,23,0,0.1,620,359,2.1,1.2,50,74,0.2,0.3,309,236,1,0.8,195,229,0.7,0.8,12,14,0,0.1,0,23,0,0.1,2,4,0,0.1,52,85,0.2,0.3,98,261,0.3,0.9,0,23,0,0.1,15,24,0.1,0.1,83,262,0.3,0.9,0,23,0,0.1,319,227,1.1,0.8,437,225,1.5,0.8,244,187,0.8,0.6,89,74,0.3,0.3,45,47,0.2,0.2,0,23,0,0.1,29598,1330,29598,(X),25595,1100,86.5,2.2,3216,653,10.9,2,111,78,0.4,0.3,665,358,2.2,1.2,98,261,0.3,0.9
8600000US37076,37076,ZCTA5 37076,37784,1138,37784,(X),18755,804,49.6,1.5,19029,815,50.4,1.5,2805,454,7.4,1.1,2561,427,6.8,1.1,2036,365,5.4,0.9,2195,401,5.8,1.1,2773,395,7.3,1,6999,657,18.5,1.7,5444,511,14.4,1.3,5514,483,14.6,1.2,2095,336,5.5,0.9,1467,267,3.9,0.7,2141,236,5.7,0.6,1228,167,3.3,0.4,526,126,1.4,0.3,34.1,1.2,(X),(X),29233,939,77.4,1.7,27691,910,73.3,1.8,4770,343,12.6,0.9,3895,289,10.3,0.7,29233,939,29233,(X),14169,672,48.5,1.5,15064,626,51.5,1.5,3895,289,3895,(X),1450,204,37.2,4,2445,216,62.8,4,37784,1138,37784,(X),37117,1121,98.2,0.7,667,265,1.8,0.7,37117,1121,98.2,0.7,28519,1232,75.5,2.7,6929,987,18.3,2.5,89,61,0.2,0.2,0,26,0,0.1,0,26,0,0.1,0,26,0,0.1,0,26,0,0.1,736,253,1.9,0.7,319,201,0.8,0.5,33,30,0.1,0.1,165,116,0.4,0.3,27,34,0.1,0.1,36,39,0.1,0.1,115,137,0.3,0.4,41,41,0.1,0.1,0,26,0,0.1,0,26,0,0.1,0,26,0,0.1,0,26,0,0.1,0,26,0,0.1,844,370,2.2,1,667,265,1.8,0.7,345,203,0.9,0.5,64,47,0.2,0.1,138,94,0.4,0.2,18,28,0,0.1,37784,1138,37784,(X),29162,1215,77.2,2.6,7319,1045,19.4,2.6,227,103,0.6,0.3,909,276,2.4,0.7,0,26,0,0.1
8600000US37080,37080,ZCTA5 37080,8189,727,8189,(X),4315,384,52.7,2.3,3874,431,47.3,2.3,544,195,6.6,2.3,491,159,6,1.7,470,180,5.7,2,546,147,6.7,1.7,253,122,3.1,1.4,1008,259,12.3,3,1186,280,14.5,3.2,1287,273,15.7,3,704,193,8.6,2.1,564,168,6.9,2.1,641,179,7.8,2.1,407,125,5,1.6,88,49,1.1,0.6,42.6,4.2,(X),(X),6347,544,77.5,3.8,6102,525,74.5,3.6,1510,243,18.4,3.1,1136,191,13.9,2.3,6347,544,6347,(X),3198,317,50.4,2.3,3149,302,49.6,2.3,1136,191,1136,(X),550,119,48.4,5.6,586,110,51.6,5.6,8189,727,8189,(X),8157,723,99.6,0.6,32,50,0.4,0.6,8157,723,99.6,0.6,7662,713,93.6,3.6,442,293,5.4,3.5,0,17,0,0.4,0,17,0,0.4,0,17,0,0.4,0,17,0,0.4,0,17,0,0.4,53,76,0.6,0.9,53,76,0.6,0.9,0,17,0,0.4,0,17,0,0.4,0,17,0,0.4,0,17,0,0.4,0,17,0,0.4,0,17,0,0.4,0,17,0,0.4,0,17,0,0.4,0,17,0,0.4,0,17,0,0.4,0,17,0,0.4,0,17,0,0.4,32,50,0.4,0.6,0,17,0,0.4,32,50,0.4,0.6,0,17,0,0.4,0,17,0,0.4,8189,727,8189,(X),7694,718,94,3.6,442,293,5.4,3.5,32,50,0.4,0.6,53,76,0.6,0.9,0,17,0,0.4
8600000US37086,37086,ZCTA5 37086,31672,281,31672,(X),16321,629,51.5,1.9,15351,633,48.5,1.9,2760,381,8.7,1.2,2213,395,7,1.2,3189,450,10.1,1.4,2397,427,7.6,1.3,2058,471,6.5,1.5,5436,506,17.2,1.6,5084,513,16.1,1.6,4289,402,13.5,1.3,1625,316,5.1,1,845,227,2.7,0.7,1099,190,3.5,0.6,513,133,1.6,0.4,164,83,0.5,0.3,31.4,0.9,(X),(X),21883,449,69.1,1.5,20532,540,64.8,1.8,2295,244,7.2,0.8,1776,200,5.6,0.6,21883,449,21883,(X),10853,486,49.6,1.8,11030,415,50.4,1.8,1776,200,1776,(X),687,113,38.7,5.9,1089,180,61.3,5.9,31672,281,31672,(X),30606,429,96.6,1,1066,333,3.4,1,30606,429,96.6,1,22870,931,72.2,2.8,6043,805,19.1,2.6,53,132,0.2,0.4,0,26,0,0.1,0,26,0,0.1,0,26,0,0.1,0,26,0,0.1,1050,346,3.3,1.1,117,159,0.4,0.5,20,22,0.1,0.1,103,107,0.3,0.3,0,26,0,0.1,0,26,0,0.1,0,26,0,0.1,810,334,2.6,1.1,0,26,0,0.1,0,26,0,0.1,0,26,0,0.1,0,26,0,0.1,0,26,0,0.1,590,354,1.9,1.1,1066,333,3.4,1,713,307,2.3,1,94,77,0.3,0.2,70,61,0.2,0.2,104,74,0.3,0.2,31672,281,31672,(X),23810,871,75.2,2.6,6917,820,21.8,2.6,260,171,0.8,0.5,1120,338,3.5,1.1,36,41,0.1,0.1
8600000US37115,37115,ZCTA5 37115,36171,1254,36171,(X),16719,750,46.2,1.4,19452,850,53.8,1.4,2350,369,6.5,1,2430,354,6.7,0.9,1976,414,5.5,1.1,2441,479,6.7,1.3,2365,454,6.5,1.2,6183,635,17.1,1.6,4404,495,12.2,1.3,4947,466,13.7,1.3,2448,328,6.8,0.9,2024,310,5.6,0.9,2260,273,6.2,0.7,1600,219,4.4,0.6,743,167,2.1,0.5,35.6,1.5,(X),(X),28080,860,77.6,1.4,26599,794,73.5,1.6,5699,355,15.8,1.1,4603,276,12.7,0.9,28080,860,28080,(X),12762,582,45.4,1.4,15318,598,54.6,1.4,4603,276,4603,(X),1696,199,36.8,3.8,2907,246,63.2,3.8,36171,1254,36171,(X),35300,1313,97.6,0.8,871,292,2.4,0.8,35300,1313,97.6,0.8,22130,1181,61.2,2.8,11025,1005,30.5,2.5,50,44,0.1,0.1,13,15,0,0.1,0,26,0,0.1,0,26,0,0.1,0,26,0,0.1,100,71,0.3,0.2,18,29,0,0.1,1,3,0,0.1,24,35,0.1,0.1,0,26,0,0.1,6,10,0,0.1,15,23,0,0.1,36,63,0.1,0.2,0,26,0,0.1,0,26,0,0.1,0,26,0,0.1,0,26,0,0.1,0,26,0,0.1,1995,760,5.5,2,871,292,2.4,0.8,369,146,1,0.4,90,54,0.2,0.2,65,57,0.2,0.2,0,26,0,0.1,36171,1254,36171,(X),22905,1157,63.3,2.8,11601,980,32.1,2.4,151,70,0.4,0.2,299,161,0.8,0.5,171,195,0.5,0.5
8600000US37122,37122,ZCTA5 37122,46075,1043,46075,(X),22628,713,49.1,1,23447,659,50.9,1,3429,347,7.4,0.7,3608,394,7.8,0.8,3241,377,7,0.8,2996,350,6.5,0.7,1784,258,3.9,0.6,5479,440,11.9,1,7817,450,17,0.8,7542,483,16.4,0.9,2757,249,6,0.6,2577,349,5.6,0.8,3052,252,6.6,0.6,1375,187,3,0.4,418,142,0.9,0.3,38.5,0.9,(X),(X),33879,637,73.5,1.2,32345,645,70.2,1.2,6300,377,13.7,0.9,4845,265,10.5,0.6,33879,637,33879,(X),16552,476,48.9,0.9,17327,405,51.1,0.9,4845,265,4845,(X),2227,171,46,2.4,2618,185,54,2.4,46075,1043,46075,(X),45586,1055,98.9,0.4,489,165,1.1,0.4,45586,1055,98.9,0.4,42087,1081,91.3,1.2,2547,450,5.5,1,156,103,0.3,0.2,40,62,0.1,0.1,0,26,0,0.1,0,26,0,0.1,0,26,0,0.1,579,162,1.3,0.3,273,128,0.6,0.3,87,77,0.2,0.2,27,31,0.1,0.1,0,26,0,0.1,72,77,0.2,0.2,0,26,0,0.1,120,77,0.3,0.2,0,26,0,0.1,0,26,0,0.1,0,26,0,0.1,0,26,0,0.1,0,26,0,0.1,217,163,0.5,0.4,489,165,1.1,0.4,126,92,0.3,0.2,166,107,0.4,0.2,184,118,0.4,0.3,12,18,0,0.1,46075,1043,46075,(X),42563,1064,92.4,1.1,2685,472,5.8,1,335,157,0.7,0.3,764,187,1.7,0.4,0,26,0,0.1
8600000US37135,37135,ZCTA5 37135,9377,516,9377,(X),4493,314,47.9,1.9,4884,316,52.1,1.9,668,170,7.1,1.8,948,178,10.1,1.8,845,204,9,2,757,224,8.1,2.3,306,99,3.3,1,1195,242,12.7,2.5,1525,211,16.3,2.2,1497,252,16,2.5,520,165,5.5,1.8,462,200,4.9,2.1,309,127,3.3,1.3,300,113,3.2,1.2,45,36,0.5,0.4,34.8,2.3,(X),(X),6513,368,69.5,2.2,6005,380,64,2.7,872,205,9.3,2.1,654,168,7,1.7,6513,368,6513,(X),3141,232,48.2,2.3,3372,241,51.8,2.3,654,168,654,(X),271,95,41.4,8.5,383,105,58.6,8.5,9377,516,9377,(X),9247,493,98.6,0.9,130,89,1.4,0.9,9247,493,98.6,0.9,8065,510,86,3.9,610,334,6.5,3.5,0,17,0,0.4,0,17,0,0.4,0,17,0,0.4,0,17,0,0.4,0,17,0,0.4,558,250,6,2.6,353,252,3.8,2.6,90,84,1,0.9,16,21,0.2,0.2,0,17,0,0.4,35,59,0.4,0.6,0,17,0,0.4,64,58,0.7,0.6,0,17,0,0.4,0,17,0,0.4,0,17,0,0.4,0,17,0,0.4,0,17,0,0.4,14,19,0.1,0.2,130,89,1.4,0.9,35,39,0.4,0.4,9,13,0.1,0.1,54,47,0.6,0.5,0,17,0,0.4,9377,516,9377,(X),8179,534,87.2,3.9,667,341,7.1,3.6,19,20,0.2,0.2,624,256,6.7,2.6,0,17,0,0.4
8600000US37138,37138,ZCTA5 37138,21408,1017,21408,(X),10565,609,49.4,1.8,10843,676,50.6,1.8,1156,302,5.4,1.3,1021,243,4.8,1,1444,301,6.7,1.3,1245,236,5.8,1.1,1180,293,5.5,1.4,2497,367,11.7,1.4,3215,333,15,1.4,3678,394,17.2,2,1917,339,9,1.6,1336,254,6.2,1.2,1553,239,7.3,1.1,938,195,4.4,0.9,228,100,1.1,0.5,41.4,2.2,(X),(X),16750,697,78.2,2.2,16262,677,76,2.1,3524,302,16.5,1.4,2719,243,12.7,1.2,16750,697,16750,(X),8190,436,48.9,1.7,8560,454,51.1,1.7,2719,243,2719,(X),1160,143,42.7,4.2,1559,194,57.3,4.2,21408,1017,21408,(X),21176,1023,98.9,0.6,232,134,1.1,0.6,21176,1023,98.9,0.6,19072,1190,89.1,2.6,1481,325,6.9,1.6,31,45,0.1,0.2,0,23,0,0.2,0,23,0,0.2,0,23,0,0.2,0,23,0,0.2,240,116,1.1,0.5,42,49,0.2,0.2,86,89,0.4,0.4,53,56,0.2,0.3,8,11,0,0.1,9,15,0,0.1,0,23,0,0.2,42,50,0.2,0.2,0,23,0,0.2,0,23,0,0.2,0,23,0,0.2,0,23,0,0.2,0,23,0,0.2,352,358,1.6,1.7,232,134,1.1,0.6,65,71,0.3,0.3,29,31,0.1,0.1,76,63,0.4,0.3,0,23,0,0.2,21408,1017,21408,(X),19304,1186,90.2,2.5,1546,332,7.2,1.6,60,58,0.3,0.3,316,138,1.5,0.7,18,30,0.1,0.1
8600000US37143,37143,ZCTA5 37143,3925,539,3925,(X),1964,338,50,3.8,1961,277,50,3.8,308,132,7.8,2.9,233,122,5.9,2.6,283,122,7.2,2.7,262,85,6.7,1.9,137,60,3.5,1.5,370,117,9.4,2.5,679,181,17.3,3.4,700,161,17.8,3.7,192,75,4.9,1.8,287,94,7.3,2.5,323,108,8.2,3.2,118,57,3,1.6,33,33,0.8,0.9,40.3,2.6,(X),(X),2933,318,74.7,4.7,2816,302,71.7,4.5,642,145,16.4,4.7,474,138,12.1,4.2,2933,318,2933,(X),1358,181,46.3,3.3,1575,193,53.7,3.3,474,138,474,(X),216,74,45.6,8.9,258,88,54.4,8.9,3925,539,3925,(X),3925,539,100,0.9,0,12,0,0.9,3925,539,100,0.9,3838,545,97.8,1.4,87,54,2.2,1.4,0,12,0,0.9,0,12,0,0.9,0,12,0,0.9,0,12,0,0.9,0,12,0,0.9,0,12,0,0.9,0,12,0,0.9,0,12,0,0.9,0,12,0,0.9,0,12,0,0.9,0,12,0,0.9,0,12,0,0.9,0,12,0,0.9,0,12,0,0.9,0,12,0,0.9,0,12,0,0.9,0,12,0,0.9,0,12,0,0.9,0,12,0,0.9,0,12,0,0.9,0,12,0,0.9,0,12,0,0.9,0,12,0,0.9,0,12,0,0.9,3925,539,3925,(X),3838,545,97.8,1.4,87,54,2.2,1.4,0,12,0,0.9,0,12,0,0.9,0,12,0,0.9
8600000US37189,37189,ZCTA5 37189,3299,606,3299,(X),1381,276,41.9,4.3,1918,396,58.1,4.3,280,131,8.5,3.4,179,105,5.4,3,187,106,5.7,2.8,258,124,7.8,3.4,146,97,4.4,3,292,137,8.9,3.7,621,247,18.8,5.3,589,184,17.9,5.3,232,96,7,3.1,191,86,5.8,2.7,163,94,4.9,3,116,78,3.5,2.3,45,49,1.4,1.5,41,4.6,(X),(X),2408,409,73,4.8,2395,407,72.6,4.8,400,126,12.1,3.9,324,121,9.8,3.7,2408,409,2408,(X),976,206,40.5,4.7,1432,262,59.5,4.7,324,121,324,(X),115,79,35.5,21.2,209,105,64.5,21.2,3299,606,3299,(X),3180,582,96.4,3.3,119,114,3.6,3.3,3180,582,96.4,3.3,1853,436,56.2,9.1,1178,402,35.7,10,13,26,0.4,0.8,13,26,0.4,0.8,0,12,0,1.1,0,12,0,1.1,0,12,0,1.1,106,79,3.2,2.4,0,12,0,1.1,85,74,2.6,2.2,17,28,0.5,0.9,0,12,0,1.1,0,12,0,1.1,0,12,0,1.1,4,8,0.1,0.2,0,12,0,1.1,0,12,0,1.1,0,12,0,1.1,0,12,0,1.1,0,12,0,1.1,30,62,0.9,1.8,119,114,3.6,3.3,9,14,0.3,0.4,12,19,0.4,0.6,44,67,1.3,2.1,0,12,0,1.1,3299,606,3299,(X),1972,458,59.8,8.9,1187,404,36,10,79,91,2.4,2.6,150,121,4.5,3.7,0,12,0,1.1
8600000US37201,37201,ZCTA5 37201,1784,316,1784,(X),1376,298,77.1,5.7,408,102,22.9,5.7,20,30,1.1,1.7,0,12,0,1.9,12,17,0.7,1,111,48,6.2,2.5,239,67,13.4,2.8,645,199,36.2,8.1,388,140,21.7,7.2,239,87,13.4,4.4,48,31,2.7,1.9,22,24,1.2,1.3,55,38,3.1,2.1,5,9,0.3,0.5,0,12,0,1.9,31.6,2.6,(X),(X),1737,307,97.4,2.2,1616,286,90.6,3.6,66,40,3.7,2.2,60,39,3.4,2.2,1737,307,1737,(X),1361,293,78.4,5.7,376,98,21.6,5.7,60,39,60,(X),37,31,61.7,21.5,23,16,38.3,21.5,1784,316,1784,(X),1742,326,97.6,2.2,42,37,2.4,2.2,1742,326,97.6,2.2,970,162,54.4,7.7,723,214,40.5,6.9,18,34,1,1.9,0,12,0,1.9,0,12,0,1.9,0,12,0,1.9,0,12,0,1.9,0,12,0,1.9,0,12,0,1.9,0,12,0,1.9,0,12,0,1.9,0,12,0,1.9,0,12,0,1.9,0,12,0,1.9,0,12,0,1.9,0,12,0,1.9,0,12,0,1.9,0,12,0,1.9,0,12,0,1.9,0,12,0,1.9,31,41,1.7,2.2,42,37,2.4,2.2,14,21,0.8,1.2,0,12,0,1.9,5,8,0.3,0.4,11,21,0.6,1.2,1784,316,1784,(X),1001,164,56.1,8.3,748,213,41.9,7.1,29,40,1.6,2.2,5,8,0.3,0.4,0,12,0,1.9
8600000US37203,37203,ZCTA5 37203,11171,768,11171,(X),5642,474,50.5,2.9,5529,532,49.5,2.9,476,182,4.3,1.6,582,190,5.2,1.6,426,180,3.8,1.5,562,202,5,1.7,2015,405,18,3.2,2491,336,22.3,2.8,1285,247,11.5,2.1,1294,246,11.6,2.1,521,146,4.7,1.4,527,134,4.7,1.3,597,137,5.3,1.2,298,102,2.7,0.9,97,84,0.9,0.8,29.1,1.1,(X),(X),9362,612,83.8,3.4,8988,585,80.5,3.3,1332,203,11.9,1.9,992,181,8.9,1.7,9362,612,9362,(X),4741,341,50.6,3,4621,476,49.4,3,992,181,992,(X),305,87,30.7,7.6,687,153,69.3,7.6,11171,768,11171,(X),10982,756,98.3,0.8,189,92,1.7,0.8,10982,756,98.3,0.8,5581,567,50,4.3,4471,532,40,3.9,0,19,0,0.3,0,19,0,0.3,0,19,0,0.3,0,19,0,0.3,0,19,0,0.3,891,355,8,3,85,56,0.8,0.5,366,147,3.3,1.3,7,12,0.1,0.1,50,47,0.4,0.4,167,133,1.5,1.2,180,265,1.6,2.3,36,64,0.3,0.6,0,19,0,0.3,0,19,0,0.3,0,19,0,0.3,0,19,0,0.3,0,19,0,0.3,39,49,0.3,0.4,189,92,1.7,0.8,69,63,0.6,0.6,17,23,0.2,0.2,18,24,0.2,0.2,8,14,0.1,0.1,11171,768,11171,(X),5716,572,51.2,4.2,4556,539,40.8,3.8,29,30,0.3,0.3,963,369,8.6,3.1,27,29,0.2,0.3
8600000US37204,37204,ZCTA5 37204,12826,827,12826,(X),5658,581,44.1,3.4,7168,622,55.9,3.4,508,141,4,1,432,129,3.4,1,560,149,4.4,1.2,1310,331,10.2,2.3,1626,340,12.7,2.5,2508,414,19.6,2.7,1331,222,10.4,1.7,1734,225,13.5,1.7,776,179,6.1,1.5,610,134,4.8,1,726,175,5.7,1.4,417,127,3.3,1,288,99,2.2,0.8,32.5,1.8,(X),(X),10969,723,85.5,1.8,9604,528,74.9,2.4,1796,210,14,1.8,1431,193,11.2,1.7,10969,723,10969,(X),4754,537,43.3,3.7,6215,549,56.7,3.7,1431,193,1431,(X),524,121,36.6,6.4,907,145,63.4,6.4,12826,827,12826,(X),12563,814,97.9,0.9,263,112,2.1,0.9,12563,814,97.9,0.9,9632,739,75.1,3,2492,361,19.4,2.6,30,35,0.2,0.3,14,25,0.1,0.2,14,25,0.1,0.2,0,19,0,0.3,0,19,0,0.3,245,129,1.9,1,67,61,0.5,0.5,132,105,1,0.8,12,19,0.1,0.1,0,19,0,0.3,3,4,0,0.1,28,38,0.2,0.3,3,5,0,0.1,0,19,0,0.3,0,19,0,0.3,0,19,0,0.3,0,19,0,0.3,0,19,0,0.3,164,133,1.3,1,263,112,2.1,0.9,102,70,0.8,0.6,79,74,0.6,0.6,64,72,0.5,0.6,18,26,0.1,0.2,12826,827,12826,(X),9877,753,77,2.9,2612,363,20.4,2.7,127,86,1,0.7,309,143,2.4,1.1,0,19,0,0.3
8600000US37205,37205,ZCTA5 37205,23605,846,23605,(X),11193,547,47.4,1.8,12412,661,52.6,1.8,1396,208,5.9,0.8,1514,239,6.4,1,1079,185,4.6,0.7,1389,257,5.9,1.1,1311,297,5.6,1.2,3073,390,13,1.5,2692,288,11.4,1.2,3236,301,13.7,1.3,1990,235,8.4,1,1530,287,6.5,1.2,2075,270,8.8,1.1,1348,241,5.7,1,972,205,4.1,0.9,42.8,1.2,(X),(X),18711,675,79.3,1.4,18067,640,76.5,1.4,5207,384,22.1,1.5,4395,304,18.6,1.2,18711,675,18711,(X),8617,437,46.1,1.6,10094,469,53.9,1.6,4395,304,4395,(X),1823,169,41.5,3.4,2572,260,58.5,3.4,23605,846,23605,(X),23285,836,98.6,0.8,320,182,1.4,0.8,23285,836,98.6,0.8,21616,818,91.6,2.2,776,375,3.3,1.6,90,84,0.4,0.4,10,15,0,0.1,0,23,0,0.1,0,23,0,0.1,0,23,0,0.1,735,248,3.1,1,96,90,0.4,0.4,169,117,0.7,0.5,118,148,0.5,0.6,0,23,0,0.1,213,140,0.9,0.6,78,104,0.3,0.4,61,57,0.3,0.2,0,23,0,0.1,0,23,0,0.1,0,23,0,0.1,0,23,0,0.1,0,23,0,0.1,68,56,0.3,0.2,320,182,1.4,0.8,117,107,0.5,0.5,96,111,0.4,0.5,70,72,0.3,0.3,0,23,0,0.1,23605,846,23605,(X),21932,813,92.9,2,893,401,3.8,1.7,186,125,0.8,0.5,818,268,3.5,1.1,9,13,0,0.1
8600000US37206,37206,ZCTA5 37206,25264,1212,25264,(X),12040,855,47.7,2,13224,705,52.3,2,1695,277,6.7,1,2121,332,8.4,1.2,1072,229,4.2,0.9,1726,414,6.8,1.6,2056,414,8.1,1.5,4537,473,18,1.7,3592,398,14.2,1.4,3586,347,14.2,1.5,1376,263,5.4,1,1361,279,5.4,1.1,1263,201,5,0.8,681,131,2.7,0.5,198,64,0.8,0.3,32.9,1.6,(X),(X),19410,866,76.8,1.5,18286,872,72.4,2,2747,252,10.9,1,2142,208,8.5,0.9,19410,866,19410,(X),8956,665,46.1,2.3,10454,565,53.9,2.3,2142,208,2142,(X),916,144,42.8,5.8,1226,183,57.2,5.8,25264,1212,25264,(X),24713,1213,97.8,0.8,551,210,2.2,0.8,24713,1213,97.8,0.8,14261,908,56.4,2.7,9872,898,39.1,2.8,238,231,0.9,0.9,11,16,0,0.1,0,23,0,0.1,0,23,0,0.1,12,19,0,0.1,153,75,0.6,0.3,5,8,0,0.1,74,48,0.3,0.2,0,23,0,0.1,8,12,0,0.1,4,9,0,0.1,0,23,0,0.1,62,50,0.2,0.2,0,23,0,0.1,0,23,0,0.1,0,23,0,0.1,0,23,0,0.1,0,23,0,0.1,189,136,0.7,0.5,551,210,2.2,0.8,244,167,1,0.7,118,73,0.5,0.3,65,42,0.3,0.2,77,90,0.3,0.4,25264,1212,25264,(X),14720,911,58.3,2.8,10222,897,40.5,2.7,447,278,1.8,1.1,218,86,0.9,0.3,0,23,0,0.1
8600000US37207,37207,ZCTA5 37207,32896,1310,32896,(X),15168,849,46.1,1.6,17728,821,53.9,1.6,2960,404,9,1.1,2091,310,6.4,0.9,2563,418,7.8,1.1,2214,375,6.7,1.1,2167,433,6.6,1.3,4963,536,15.1,1.5,3726,379,11.3,1.2,4799,481,14.6,1.4,2141,298,6.5,0.9,1668,244,5.1,0.8,2061,246,6.3,0.8,1270,181,3.9,0.5,273,106,0.8,0.3,34.2,1.3,(X),(X),23832,791,72.4,1.4,22580,712,68.6,1.4,4546,311,13.8,1,3604,248,11,0.8,23832,791,23832,(X),10713,527,45,1.5,13119,554,55,1.5,3604,248,3604,(X),1529,207,42.4,3.9,2075,151,57.6,3.9,32896,1310,32896,(X),32382,1329,98.4,0.9,514,306,1.6,0.9,32382,1329,98.4,0.9,7596,747,23.1,2,23418,1174,71.2,2.3,103,80,0.3,0.2,81,75,0.2,0.2,19,29,0.1,0.1,0,26,0,0.1,0,26,0,0.1,198,135,0.6,0.4,15,24,0,0.1,36,40,0.1,0.1,6,10,0,0.1,26,34,0.1,0.1,0,26,0,0.1,5,10,0,0.1,110,117,0.3,0.4,0,26,0,0.1,0,26,0,0.1,0,26,0,0.1,0,26,0,0.1,0,26,0,0.1,1067,396,3.2,1.2,514,306,1.6,0.9,235,195,0.7,0.6,57,63,0.2,0.2,20,35,0.1,0.1,148,200,0.4,0.6,32896,1310,32896,(X),7908,802,24,2.2,23843,1160,72.5,2.2,320,230,1,0.7,260,163,0.8,0.5,0,26,0,0.1
8600000US37208,37208,ZCTA5 37208,15593,1125,15593,(X),7155,659,45.9,2.7,8438,737,54.1,2.7,1131,317,7.3,1.9,1040,247,6.7,1.4,1098,258,7,1.5,1536,319,9.9,1.8,1819,327,11.7,2.1,2307,357,14.8,1.9,1642,241,10.5,1.3,1881,248,12.1,1.5,936,184,6,1.3,835,196,5.4,1.2,692,132,4.4,0.8,422,101,2.7,0.7,254,69,1.6,0.5,30.7,1.7,(X),(X),11702,831,75,2.7,10402,691,66.7,2.9,1788,197,11.5,1.2,1368,158,8.8,1,11702,831,11702,(X),5091,522,43.5,3.1,6611,586,56.5,3.1,1368,158,1368,(X),458,102,33.5,6.7,910,144,66.5,6.7,15593,1125,15593,(X),15447,1117,99.1,0.5,146,74,0.9,0.5,15447,1117,99.1,0.5,2003,381,12.8,2.2,13355,1022,85.6,2.3,14,27,0.1,0.2,0,19,0,0.2,0,19,0,0.2,0,19,0,0.2,14,27,0.1,0.2,60,46,0.4,0.3,4,10,0,0.1,19,28,0.1,0.2,0,19,0,0.2,19,26,0.1,0.2,0,19,0,0.2,0,19,0,0.2,18,20,0.1,0.1,0,19,0,0.2,0,19,0,0.2,0,19,0,0.2,0,19,0,0.2,0,19,0,0.2,15,16,0.1,0.1,146,74,0.9,0.5,38,48,0.2,0.3,11,15,0.1,0.1,0,19,0,0.2,34,29,0.2,0.2,15593,1125,15593,(X),2101,391,13.5,2.3,13459,1018,86.3,2.2,105,55,0.7,0.4,80,57,0.5,0.4,0,19,0,0.2
8600000US37209,37209,ZCTA5 37209,36480,1538,36480,(X),18629,1122,51.1,1.7,17851,837,48.9,1.7,2569,389,7,0.9,2120,329,5.8,0.8,1271,246,3.5,0.7,2847,415,7.8,1,3353,473,9.2,1.3,8351,711,22.9,1.8,5319,566,14.6,1.4,3935,447,10.8,1.2,1754,242,4.8,0.7,1801,294,4.9,0.8,1876,249,5.1,0.7,978,204,2.7,0.6,306,116,0.8,0.3,31.7,1.2,(X),(X),29455,1234,80.7,1.4,27005,1117,74,1.6,4099,331,11.2,0.9,3160,294,8.7,0.8,29455,1234,29455,(X),15161,989,51.5,1.9,14294,651,48.5,1.9,3160,294,3160,(X),1334,222,42.2,5.1,1826,211,57.8,5.1,36480,1538,36480,(X),35644,1545,97.7,0.7,836,261,2.3,0.7,35644,1545,97.7,0.7,21139,1294,57.9,2.6,11004,1052,30.2,2.5,11,17,0,0.1,0,26,0,0.1,0,26,0,0.1,0,26,0,0.1,0,26,0,0.1,2722,474,7.5,1.3,474,193,1.3,0.5,266,165,0.7,0.5,147,176,0.4,0.5,47,56,0.1,0.2,69,63,0.2,0.2,986,351,2.7,1,733,264,2,0.7,18,22,0,0.1,7,12,0,0.1,0,26,0,0.1,11,18,0,0.1,0,26,0,0.1,750,452,2.1,1.2,836,261,2.3,0.7,260,146,0.7,0.4,135,100,0.4,0.3,44,29,0.1,0.1,74,99,0.2,0.3,36480,1538,36480,(X),21840,1320,59.9,2.7,11468,1054,31.4,2.5,305,172,0.8,0.5,2766,474,7.6,1.3,107,116,0.3,0.3
8600000US37210,37210,ZCTA5 37210,15337,1025,15337,(X),7413,709,48.3,2.6,7924,571,51.7,2.6,1674,326,10.9,1.9,1180,306,7.7,1.8,829,215,5.4,1.3,876,181,5.7,1.1,1829,457,11.9,2.7,2610,427,17,2.7,1791,339,11.7,2,1895,265,12.4,1.9,687,156,4.5,1.1,464,129,3,0.8,768,180,5,1.2,502,136,3.3,0.9,232,82,1.5,0.5,29.9,1.9,(X),(X),11323,690,73.8,2.8,10366,636,67.6,2.8,1687,258,11,1.7,1502,245,9.8,1.6,11323,690,11323,(X),5263,509,46.5,2.7,6060,391,53.5,2.7,1502,245,1502,(X),533,164,35.5,7.8,969,168,64.5,7.8,15337,1025,15337,(X),14968,1044,97.6,1.1,369,172,2.4,1.1,14968,1044,97.6,1.1,8077,951,52.7,5.1,4926,713,32.1,4.3,40,40,0.3,0.3,10,16,0.1,0.1,0,19,0,0.2,0,19,0,0.2,0,19,0,0.2,550,219,3.6,1.4,38,54,0.2,0.4,3,7,0,0.1,17,25,0.1,0.2,0,19,0,0.2,25,31,0.2,0.2,15,23,0.1,0.1,452,208,2.9,1.3,0,19,0,0.2,0,19,0,0.2,0,19,0,0.2,0,19,0,0.2,0,19,0,0.2,1375,590,9,3.7,369,172,2.4,1.1,105,102,0.7,0.7,70,63,0.5,0.4,52,57,0.3,0.4,0,19,0,0.2,15337,1025,15337,(X),8350,955,54.4,5.1,5040,726,32.9,4.4,153,83,1,0.5,694,260,4.5,1.7,15,38,0.1,0.2
8600000US37211,37211,ZCTA5 37211,75621,1888,75621,(X),38236,1271,50.6,1.1,37385,1204,49.4,1.1,6336,595,8.4,0.7,6035,561,8,0.7,4156,496,5.5,0.6,3343,516,4.4,0.6,6522,577,8.6,0.8,16171,851,21.4,1,11347,705,15,0.8,8864,561,11.7,0.7,3814,385,5,0.5,2707,331,3.6,0.4,2984,282,3.9,0.4,2562,268,3.4,0.4,780,169,1,0.2,31.6,0.7,(X),(X),57125,1378,75.5,1,54675,1262,72.3,1.1,7861,376,10.4,0.5,6326,329,8.4,0.4,57125,1378,57125,(X),28357,1003,49.6,1.2,28768,944,50.4,1.2,6326,329,6326,(X),2443,214,38.6,2.9,3883,278,61.4,2.9,75621,1888,75621,(X),73765,1842,97.5,0.6,1856,424,2.5,0.6,73765,1842,97.5,0.6,49736,1936,65.8,2.2,13332,1039,17.6,1.3,75,117,0.1,0.2,56,114,0.1,0.2,0,29,0,0.1,0,29,0,0.1,0,29,0,0.1,3966,885,5.2,1.2,418,281,0.6,0.4,155,105,0.2,0.1,179,119,0.2,0.2,21,29,0,0.1,389,241,0.5,0.3,601,272,0.8,0.4,2203,766,2.9,1,0,29,0,0.1,0,29,0,0.1,0,29,0,0.1,0,29,0,0.1,0,29,0,0.1,6656,1243,8.8,1.6,1856,424,2.5,0.6,269,133,0.4,0.2,206,154,0.3,0.2,792,359,1,0.5,0,29,0,0.1,75621,1888,75621,(X),51462,1975,68.1,2.2,13787,1060,18.2,1.3,293,166,0.4,0.2,4892,961,6.5,1.2,9,17,0,0.1
8600000US37212,37212,ZCTA5 37212,18961,1044,18961,(X),9375,815,49.4,2.6,9586,603,50.6,2.6,846,217,4.5,1.1,478,138,2.5,0.8,439,133,2.3,0.7,3238,567,17.1,2.7,4975,800,26.2,3.5,3088,341,16.3,2,2116,382,11.2,1.8,1420,253,7.5,1.4,807,180,4.3,1,462,155,2.4,0.8,589,166,3.1,0.8,233,91,1.2,0.5,270,77,1.4,0.4,24,1,(X),(X),17020,1005,89.8,1.4,12532,813,66.1,3.1,1302,159,6.9,0.8,1092,155,5.8,0.8,17020,1005,17020,(X),8469,757,49.8,2.6,8551,582,50.2,2.6,1092,155,1092,(X),366,106,33.5,8,726,129,66.5,8,18961,1044,18961,(X),18439,1015,97.2,0.9,522,178,2.8,0.9,18439,1015,97.2,0.9,14006,745,73.9,2.4,2860,423,15.1,1.9,11,23,0.1,0.1,11,23,0.1,0.1,0,19,0,0.2,0,19,0,0.2,0,19,0,0.2,1387,318,7.3,1.6,286,179,1.5,1,605,215,3.2,1.1,45,36,0.2,0.2,51,41,0.3,0.2,100,61,0.5,0.3,13,21,0.1,0.1,287,148,1.5,0.8,0,19,0,0.2,0,19,0,0.2,0,19,0,0.2,0,19,0,0.2,0,19,0,0.2,175,127,0.9,0.7,522,178,2.8,0.9,161,96,0.8,0.5,105,104,0.6,0.5,145,91,0.8,0.5,17,28,0.1,0.1,18961,1044,18961,(X),14501,775,76.5,2.3,3048,435,16.1,1.9,133,111,0.7,0.6,1552,335,8.2,1.6,0,19,0,0.2
8600000US37213,37213,ZCTA5 37213,185,127,185,(X),122,51,65.9,46,63,116,34.1,46,0,12,0,17.2,0,12,0,17.2,20,19,10.8,12.9,21,28,11.4,18,0,12,0,17.2,21,32,11.4,19.3,68,103,36.8,39.2,17,26,9.2,15.4,0,12,0,17.2,11,17,5.9,10.2,14,29,7.6,17.1,13,30,7,14.5,0,12,0,17.2,41.3,12.9,(X),(X),153,125,82.7,19.2,144,124,77.8,22.6,27,42,14.6,21.1,27,42,14.6,21.1,153,125,153,(X),90,44,58.8,52.1,63,116,41.2,52.1,27,42,27,(X),27,42,100,59.2,0,12,0,59.2,185,127,185,(X),184,127,99.5,1.8,1,3,0.5,1.8,184,127,99.5,1.8,95,58,51.4,34,89,105,48.1,34.1,0,12,0,17.2,0,12,0,17.2,0,12,0,17.2,0,12,0,17.2,0,12,0,17.2,0,12,0,17.2,0,12,0,17.2,0,12,0,17.2,0,12,0,17.2,0,12,0,17.2,0,12,0,17.2,0,12,0,17.2,0,12,0,17.2,0,12,0,17.2,0,12,0,17.2,0,12,0,17.2,0,12,0,17.2,0,12,0,17.2,0,12,0,17.2,1,3,0.5,1.8,1,3,0.5,1.8,0,12,0,17.2,0,12,0,17.2,0,12,0,17.2,185,127,185,(X),96,58,51.9,34.1,90,106,48.6,34,0,12,0,17.2,0,12,0,17.2,0,12,0,17.2
8600000US37214,37214,ZCTA5 37214,29668,1024,29668,(X),14199,704,47.9,1.6,15469,703,52.1,1.6,2047,329,6.9,1.1,1609,294,5.4,0.9,1469,312,5,1,1081,286,3.6,0.9,1922,484,6.5,1.5,5399,538,18.2,1.8,4750,498,16,1.6,4537,443,15.3,1.5,1840,265,6.2,0.9,1621,312,5.5,1,1726,232,5.8,0.8,1190,171,4,0.6,477,151,1.6,0.5,37.3,1.4,(X),(X),23893,787,80.5,1.4,23247,775,78.4,1.7,4228,306,14.3,1.1,3393,228,11.4,0.8,23893,787,23893,(X),11138,607,46.6,1.7,12755,510,53.4,1.7,3393,228,3393,(X),1198,155,35.3,3.8,2195,187,64.7,3.8,29668,1024,29668,(X),28989,1023,97.7,1,679,285,2.3,1,28989,1023,97.7,1,23357,1042,78.7,2.8,3678,672,12.4,2.2,286,265,1,0.9,26,24,0.1,0.1,0,23,0,0.1,0,23,0,0.1,0,23,0,0.1,1152,350,3.9,1.2,312,245,1.1,0.8,138,131,0.5,0.4,289,224,1,0.8,0,23,0,0.1,122,109,0.4,0.4,60,71,0.2,0.2,231,244,0.8,0.8,9,22,0,0.1,0,23,0,0.1,0,23,0,0.1,0,23,0,0.1,9,22,0,0.1,507,336,1.7,1.1,679,285,2.3,1,299,203,1,0.7,181,143,0.6,0.5,83,79,0.3,0.3,0,23,0,0.1,29668,1024,29668,(X),23989,1074,80.9,2.8,4023,646,13.6,2.1,468,289,1.6,1,1267,338,4.3,1.1,24,33,0.1,0.1
8600000US37215,37215,ZCTA5 37215,22224,865,22224,(X),10550,726,47.5,2.3,11674,604,52.5,2.3,1008,222,4.5,1,1032,209,4.6,0.9,1392,221,6.3,0.9,969,200,4.4,0.9,1479,414,6.7,1.8,2811,445,12.6,1.9,3081,273,13.9,1.2,3015,437,13.6,1.9,1861,268,8.4,1.2,1358,247,6.1,1.1,1981,272,8.9,1.1,1243,214,5.6,1,994,253,4.5,1.1,42.9,1.3,(X),(X),18059,696,81.3,1.4,17610,690,79.2,1.4,5034,391,22.7,1.6,4218,371,19,1.6,18059,696,18059,(X),8186,584,45.3,2.5,9873,551,54.7,2.5,4218,371,4218,(X),1754,203,41.6,3.5,2464,274,58.4,3.5,22224,865,22224,(X),21972,880,98.9,0.6,252,132,1.1,0.6,21972,880,98.9,0.6,20853,874,93.8,1.7,536,240,2.4,1.1,19,27,0.1,0.1,0,23,0,0.2,0,23,0,0.2,0,23,0,0.2,0,23,0,0.2,466,246,2.1,1.1,82,52,0.4,0.2,148,123,0.7,0.6,13,22,0.1,0.1,0,23,0,0.2,28,30,0.1,0.1,18,29,0.1,0.1,177,207,0.8,0.9,0,23,0,0.2,0,23,0,0.2,0,23,0,0.2,0,23,0,0.2,0,23,0,0.2,98,91,0.4,0.4,252,132,1.1,0.6,43,30,0.2,0.1,7,13,0,0.1,202,131,0.9,0.6,0,23,0,0.2,22224,865,22224,(X),21105,858,95,1.6,579,242,2.6,1.1,26,32,0.1,0.1,668,279,3,1.2,0,23,0,0.2
8600000US37216,37216,ZCTA5 37216,18078,793,18078,(X),9080,508,50.2,2,8998,554,49.8,2,1107,229,6.1,1.2,960,220,5.3,1.2,765,198,4.2,1,885,255,4.9,1.3,1043,215,5.8,1.2,3600,415,19.9,2.1,2503,261,13.8,1.3,2807,282,15.5,1.5,1368,251,7.6,1.4,895,175,5,1,1092,181,6,1.1,768,136,4.2,0.8,285,85,1.6,0.5,37.3,2.4,(X),(X),14720,580,81.4,1.8,14168,529,78.4,2,2551,196,14.1,1.3,2145,170,11.9,1.1,14720,580,14720,(X),7346,408,49.9,2,7374,427,50.1,2,2145,170,2145,(X),804,108,37.5,4.3,1341,143,62.5,4.3,18078,793,18078,(X),17625,842,97.5,1.3,453,225,2.5,1.3,17625,842,97.5,1.3,10429,652,57.7,3.8,6003,835,33.2,3.9,26,28,0.1,0.2,20,26,0.1,0.1,0,19,0,0.2,0,19,0,0.2,0,19,0,0.2,182,198,1,1.1,0,19,0,0.2,0,19,0,0.2,12,21,0.1,0.1,0,19,0,0.2,0,19,0,0.2,32,52,0.2,0.3,138,191,0.8,1.1,32,43,0.2,0.2,0,19,0,0.2,0,19,0,0.2,0,19,0,0.2,32,43,0.2,0.2,953,391,5.3,2.1,453,225,2.5,1.3,120,98,0.7,0.5,119,117,0.7,0.7,81,82,0.4,0.5,20,35,0.1,0.2,18078,793,18078,(X),10852,658,60,4,6217,821,34.4,3.7,249,171,1.4,1,278,219,1.5,1.2,38,44,0.2,0.2
8600000US37217,37217,ZCTA5 37217,28758,1489,28758,(X),14541,953,50.6,2.1,14217,946,49.4,2.1,2719,474,9.5,1.4,1723,361,6,1.1,1499,352,5.2,1.2,1385,433,4.8,1.4,2602,460,9,1.6,6361,669,22.1,2.2,4148,575,14.4,1.8,3842,433,13.4,1.7,1327,261,4.6,0.9,940,186,3.3,0.6,1186,219,4.1,0.8,816,176,2.8,0.6,210,93,0.7,0.3,31.5,1.3,(X),(X),21882,934,76.1,2.4,21125,903,73.5,2.5,2720,291,9.5,1,2212,250,7.7,0.9,21882,934,21882,(X),11022,701,50.4,2.1,10860,618,49.6,2.1,2212,250,2212,(X),1009,171,45.6,5.6,1203,182,54.4,5.6,28758,1489,28758,(X),27907,1480,97,0.9,851,255,3,0.9,27907,1480,97,0.9,16963,1135,59,3.9,8152,1262,28.3,3.7,0,23,0,0.1,0,23,0,0.1,0,23,0,0.1,0,23,0,0.1,0,23,0,0.1,793,388,2.8,1.3,72,77,0.3,0.3,31,33,0.1,0.1,44,57,0.2,0.2,72,64,0.3,0.2,0,23,0,0.1,233,218,0.8,0.7,341,292,1.2,1,0,23,0,0.1,0,23,0,0.1,0,23,0,0.1,0,23,0,0.1,0,23,0,0.1,1999,667,7,2.3,851,255,3,0.9,267,164,0.9,0.6,79,56,0.3,0.2,232,181,0.8,0.6,21,22,0.1,0.1,28758,1489,28758,(X),17726,1159,61.6,3.9,8548,1251,29.7,3.6,142,68,0.5,0.2,1089,467,3.8,1.6,54,88,0.2,0.3
8600000US37218,37218,ZCTA5 37218,14464,760,14464,(X),6604,495,45.7,2.3,7860,507,54.3,2.3,797,220,5.5,1.4,884,226,6.1,1.5,925,202,6.4,1.3,914,205,6.3,1.4,734,232,5.1,1.6,1899,324,13.1,2.1,1644,288,11.4,1.8,1918,269,13.3,1.9,1051,189,7.3,1.3,1048,237,7.2,1.6,1482,157,10.2,1.2,907,160,6.3,1.1,261,105,1.8,0.7,41.4,2.7,(X),(X),11284,591,78,2.5,10722,589,74.1,2.7,3174,317,21.9,1.9,2650,218,18.3,1.5,11284,591,11284,(X),5014,386,44.4,2.5,6270,435,55.6,2.5,2650,218,2650,(X),1277,202,48.2,5.9,1373,178,51.8,5.9,14464,760,14464,(X),14397,751,99.5,0.4,67,54,0.5,0.4,14397,751,99.5,0.4,3031,474,21,3,11095,694,76.7,2.9,15,18,0.1,0.1,0,19,0,0.2,0,19,0,0.2,0,19,0,0.2,0,19,0,0.2,113,102,0.8,0.7,0,19,0,0.2,13,19,0.1,0.1,38,45,0.3,0.3,0,19,0,0.2,0,19,0,0.2,51,85,0.4,0.6,11,16,0.1,0.1,0,19,0,0.2,0,19,0,0.2,0,19,0,0.2,0,19,0,0.2,0,19,0,0.2,143,125,1,0.9,67,54,0.5,0.4,53,50,0.4,0.3,1,2,0,0.1,0,19,0,0.2,13,21,0.1,0.1,14464,760,14464,(X),3085,475,21.3,3,11161,705,77.2,2.9,29,29,0.2,0.2,113,102,0.8,0.7,0,19,0,0.2
8600000US37219,37219,ZCTA5 37219,1078,242,1078,(X),764,224,70.9,8.5,314,91,29.1,8.5,0,12,0,3.2,0,12,0,3.2,0,12,0,3.2,15,24,1.4,2.1,115,125,10.7,10.6,451,159,41.8,11.9,191,78,17.7,7.7,149,100,13.8,8.5,87,40,8.1,3.9,34,31,3.2,2.9,36,35,3.3,3.2,0,12,0,3.2,0,12,0,3.2,33.4,2.8,(X),(X),1071,240,99.4,1.1,1063,238,98.6,2.1,48,40,4.5,3.7,36,35,3.3,3.2,1071,240,1071,(X),764,224,71.3,8.5,307,88,28.7,8.5,36,35,36,(X),22,25,61.1,48,14,23,38.9,48,1078,242,1078,(X),1061,240,98.4,2.3,17,25,1.6,2.3,1061,240,98.4,2.3,797,193,73.9,11.7,122,96,11.3,8.2,0,12,0,3.2,0,12,0,3.2,0,12,0,3.2,0,12,0,3.2,0,12,0,3.2,142,129,13.2,11.1,137,128,12.7,11,5,9,0.5,0.9,0,12,0,3.2,0,12,0,3.2,0,12,0,3.2,0,12,0,3.2,0,12,0,3.2,0,12,0,3.2,0,12,0,3.2,0,12,0,3.2,0,12,0,3.2,0,12,0,3.2,0,12,0,3.2,17,25,1.6,2.3,0,12,0,3.2,0,12,0,3.2,0,12,0,3.2,0,12,0,3.2,1078,242,1078,(X),814,197,75.5,12,139,96,12.9,8.1,17,25,1.6,2.3,142,129,13.2,11.1,0,12,0,3.2
8600000US37220,37220,ZCTA5 37220,5876,424,5876,(X),2901,266,49.4,2.8,2975,274,50.6,2.8,285,108,4.9,1.8,391,118,6.7,1.8,362,117,6.2,1.8,267,109,4.5,1.8,281,114,4.8,1.9,646,160,11,2.8,758,152,12.9,2.5,1040,165,17.7,2.3,530,145,9,2.5,413,114,7,1.9,507,156,8.6,2.5,237,96,4,1.6,159,96,2.7,1.7,44.7,1.9,(X),(X),4628,310,78.8,3,4510,306,76.8,3.1,1149,191,19.6,3,903,168,15.4,2.7,4628,310,4628,(X),2345,202,50.7,2.3,2283,176,49.3,2.3,903,168,903,(X),395,91,43.7,7.8,508,129,56.3,7.8,5876,424,5876,(X),5876,424,100,0.6,0,17,0,0.6,5876,424,100,0.6,5626,415,95.7,2.6,117,106,2,1.8,8,14,0.1,0.2,0,17,0,0.6,0,17,0,0.6,0,17,0,0.6,0,17,0,0.6,125,146,2.1,2.5,56,91,1,1.5,0,17,0,0.6,0,17,0,0.6,0,17,0,0.6,0,17,0,0.6,0,17,0,0.6,69,116,1.2,1.9,0,17,0,0.6,0,17,0,0.6,0,17,0,0.6,0,17,0,0.6,0,17,0,0.6,0,17,0,0.6,0,17,0,0.6,0,17,0,0.6,0,17,0,0.6,0,17,0,0.6,0,17,0,0.6,5876,424,5876,(X),5626,415,95.7,2.6,117,106,2,1.8,8,14,0.1,0.2,125,146,2.1,2.5,0,17,0,0.6
8600000US37221,37221,ZCTA5 37221,37582,1241,37582,(X),17971,943,47.8,1.5,19611,717,52.2,1.5,2279,292,6.1,0.7,1990,285,5.3,0.7,2140,299,5.7,0.7,2043,288,5.4,0.7,2349,343,6.3,0.9,5888,689,15.7,1.7,5282,498,14.1,1.2,6028,468,16,1.2,2526,362,6.7,1,2330,395,6.2,1.1,2554,317,6.8,0.9,1540,220,4.1,0.6,633,155,1.7,0.4,39.5,1.1,(X),(X),29641,907,78.9,1,28894,884,76.9,1.2,6015,430,16,1.2,4727,313,12.6,0.9,29641,907,29641,(X),13810,670,46.6,1.4,15831,542,53.4,1.4,4727,313,4727,(X),1986,203,42,2.9,2741,210,58,2.9,37582,1241,37582,(X),37185,1218,98.9,0.4,397,162,1.1,0.4,37185,1218,98.9,0.4,33489,1198,89.1,1.9,1792,411,4.8,1.1,44,60,0.1,0.2,0,26,0,0.1,0,26,0,0.1,0,26,0,0.1,0,26,0,0.1,1487,432,4,1.1,620,276,1.6,0.7,302,183,0.8,0.5,70,76,0.2,0.2,127,111,0.3,0.3,46,62,0.1,0.2,202,162,0.5,0.4,120,129,0.3,0.3,0,26,0,0.1,0,26,0,0.1,0,26,0,0.1,0,26,0,0.1,0,26,0,0.1,373,317,1,0.8,397,162,1.1,0.4,15,18,0,0.1,257,151,0.7,0.4,70,77,0.2,0.2,10,15,0,0.1,37582,1241,37582,(X),33876,1223,90.1,1.9,1817,413,4.8,1.1,311,166,0.8,0.4,1557,440,4.1,1.2,0,26,0,0.1
8600000US37228,37228,ZCTA5 37228,1570,437,1570,(X),509,218,32.4,12,1061,374,67.6,12,46,54,2.9,3.3,124,103,7.9,6.3,0,12,0,2.2,63,57,4,3.6,563,346,35.9,16,108,82,6.9,5,92,52,5.9,3.3,74,73,4.7,4.7,105,119,6.7,7.4,110,95,7,6,143,82,9.1,5,41,38,2.6,2.4,101,87,6.4,5.7,24.9,10,(X),(X),1372,405,87.4,8.4,1258,365,80.1,8.6,395,138,25.2,9,285,103,18.2,6.5,1372,405,1372,(X),409,196,29.8,13,963,363,70.2,13,285,103,285,(X),84,61,29.5,22.2,201,111,70.5,22.2,1570,437,1570,(X),1535,428,97.8,1.9,35,32,2.2,1.9,1535,428,97.8,1.9,325,199,20.7,11.3,1196,392,76.2,12.5,0,12,0,2.2,0,12,0,2.2,0,12,0,2.2,0,12,0,2.2,0,12,0,2.2,0,12,0,2.2,0,12,0,2.2,0,12,0,2.2,0,12,0,2.2,0,12,0,2.2,0,12,0,2.2,0,12,0,2.2,0,12,0,2.2,0,12,0,2.2,0,12,0,2.2,0,12,0,2.2,0,12,0,2.2,0,12,0,2.2,14,22,0.9,1.4,35,32,2.2,1.9,18,30,1.1,1.9,8,16,0.5,1.1,0,12,0,2.2,0,12,0,2.2,1570,437,1570,(X),360,216,22.9,12.3,1214,393,77.3,12.4,8,16,0.5,1.1,0,12,0,2.2,0,12,0,2.2
8600000US37240,37240,ZCTA5 37240,684,170,684,(X),382,139,55.8,10.5,302,81,44.2,10.5,0,12,0,5,0,12,0,5,0,12,0,5,354,153,51.8,16.5,282,125,41.2,16.4,40,41,5.8,6,0,12,0,5,8,15,1.2,2.3,0,12,0,5,0,12,0,5,0,12,0,5,0,12,0,5,0,12,0,5,19.9,0.6,(X),(X),678,175,99.1,2.2,172,80,25.1,11.6,0,12,0,5,0,12,0,5,678,175,678,(X),376,143,55.5,10.8,302,81,44.5,10.8,0,12,0,(X),0,12,-,**,0,12,-,**,684,170,684,(X),662,173,96.8,3.5,22,23,3.2,3.5,662,173,96.8,3.5,438,198,64,17.2,152,75,22.2,13,0,12,0,5,0,12,0,5,0,12,0,5,0,12,0,5,0,12,0,5,72,63,10.5,9.4,9,20,1.3,2.9,9,18,1.3,2.7,0,12,0,5,0,12,0,5,46,57,6.7,8.5,0,12,0,5,8,17,1.2,2.6,0,12,0,5,0,12,0,5,0,12,0,5,0,12,0,5,0,12,0,5,0,12,0,5,22,23,3.2,3.5,8,17,1.2,2.5,0,12,0,5,7,14,1,2.2,0,12,0,5,684,170,684,(X),460,192,67.3,15.4,167,68,24.4,12.4,0,12,0,5,86,72,12.6,10.7,0,12,0,5
8600000US37243,37243,ZCTA5 37243,0,12,0,(X),0,12,-,**,0,12,-,**,0,12,-,**,0,12,-,**,0,12,-,**,0,12,-,**,0,12,-,**,0,12,-,**,0,12,-,**,0,12,-,**,0,12,-,**,0,12,-,**,0,12,-,**,0,12,-,**,0,12,-,**,-,**,(X),(X),0,12,-,**,0,12,-,**,0,12,-,**,0,12,-,**,0,12,0,(X),0,12,-,**,0,12,-,**,0,12,0,(X),0,12,-,**,0,12,-,**,0,12,0,(X),0,12,-,**,0,12,-,**,0,12,-,**,0,12,-,**,0,12,-,**,0,12,-,**,0,12,-,**,0,12,-,**,0,12,-,**,0,12,-,**,0,12,-,**,0,12,-,**,0,12,-,**,0,12,-,**,0,12,-,**,0,12,-,**,0,12,-,**,0,12,-,**,0,12,-,**,0,12,-,**,0,12,-,**,0,12,-,**,0,12,-,**,0,12,-,**,0,12,-,**,0,12,-,**,0,12,-,**,0,12,-,**,0,12,-,**,0,12,0,(X),0,12,-,**,0,12,-,**,0,12,-,**,0,12,-,**,0,12,-,**
8600000US37246,37246,ZCTA5 37246,0,12,0,(X),0,12,-,**,0,12,-,**,0,12,-,**,0,12,-,**,0,12,-,**,0,12,-,**,0,12,-,**,0,12,-,**,0,12,-,**,0,12,-,**,0,12,-,**,0,12,-,**,0,12,-,**,0,12,-,**,0,12,-,**,-,**,(X),(X),0,12,-,**,0,12,-,**,0,12,-,**,0,12,-,**,0,12,0,(X),0,12,-,**,0,12,-,**,0,12,0,(X),0,12,-,**,0,12,-,**,0,12,0,(X),0,12,-,**,0,12,-,**,0,12,-,**,0,12,-,**,0,12,-,**,0,12,-,**,0,12,-,**,0,12,-,**,0,12,-,**,0,12,-,**,0,12,-,**,0,12,-,**,0,12,-,**,0,12,-,**,0,12,-,**,0,12,-,**,0,12,-,**,0,12,-,**,0,12,-,**,0,12,-,**,0,12,-,**,0,12,-,**,0,12,-,**,0,12,-,**,0,12,-,**,0,12,-,**,0,12,-,**,0,12,-,**,0,12,-,**,0,12,0,(X),0,12,-,**,0,12,-,**,0,12,-,**,0,12,-,**,0,12,-,**